<?xml version='1.0' encoding='UTF-8'?>
<system creation-date="2024-09-06 13:56:13.801000" desc="" enable="False" id="5BAF3221-22F8-48BC-A700-B2F5637F1156" last-modified-date="" name="Controller1"><applications><application name="RobotWare" version="6.15.7032"><settings><system-xml path="C:\Users\User\Documents\RobotStudio\Projects\Eksperiment\Virtual Controllers\Controller1\system.xml" /><key-id path="C:\Users\User\Documents\RobotStudio\Projects\Eksperiment\Virtual Controllers\Controller1\INTERNAL\key.id" /><setting-file path="C:\Users\User\Documents\RobotStudio\Projects\Eksperiment\Virtual Controllers\Controller1\INTERNAL\controller.rsf" /></settings></application></applications></system>